dbn,school_name,sat_reading_avg,sat_math_avg,sat_writing_avg,num_test_takers,sat_total_avg,processed_at,data_version
01M292,HENRY STREET SCHOOL FOR INTERNATIONAL STUDIES,355.0,404.0,363.0,29,1122.0,2025-08-07 22:52:50.602068,production_v1
01M448,UNIVERSITY NEIGHBORHOOD HIGH SCHOOL,383.0,423.0,366.0,91,1172.0,2025-08-07 22:52:50.602068,production_v1
01M450,EAST SIDE COMMUNITY SCHOOL,377.0,402.0,370.0,70,1149.0,2025-08-07 22:52:50.602068,production_v1
01M458,FORSYTH SATELLITE ACADEMY,414.0,401.0,359.0,7,1174.0,2025-08-07 22:52:50.602068,production_v1
01M509,MARTA VALLE HIGH SCHOOL,390.0,433.0,384.0,44,1207.0,2025-08-07 22:52:50.602068,production_v1
01M515,LOWER EAST SIDE PREPARATORY HIGH SCHOOL,332.0,557.0,316.0,112,1205.0,2025-08-07 22:52:50.602068,production_v1
01M539,"NEW EXPLORATIONS INTO SCIENCE, TECHNOLOGY AND MATH HIGH SCHOOL",522.0,574.0,525.0,159,1621.0,2025-08-07 22:52:50.602068,production_v1
01M650,CASCADES HIGH SCHOOL,417.0,418.0,411.0,18,1246.0,2025-08-07 22:52:50.602068,production_v1
01M696,BARD HIGH SCHOOL EARLY COLLEGE,624.0,604.0,628.0,130,1856.0,2025-08-07 22:52:50.602068,production_v1
02M047,47 THE AMERICAN SIGN LANGUAGE AND ENGLISH SECONDARY SCHOOL,395.0,400.0,387.0,16,1182.0,2025-08-07 22:52:50.602068,production_v1
02M288,FOOD AND FINANCE HIGH SCHOOL,409.0,393.0,392.0,62,1194.0,2025-08-07 22:52:50.602068,production_v1
02M294,ESSEX STREET ACADEMY,394.0,384.0,378.0,53,1156.0,2025-08-07 22:52:50.602068,production_v1
02M296,HIGH SCHOOL OF HOSPITALITY MANAGEMENT,374.0,375.0,362.0,58,1111.0,2025-08-07 22:52:50.602068,production_v1
02M298,PACE HIGH SCHOOL,423.0,438.0,432.0,85,1293.0,2025-08-07 22:52:50.602068,production_v1
02M300,"URBAN ASSEMBLY SCHOOL OF DESIGN AND CONSTRUCTION, THE",404.0,449.0,416.0,48,1269.0,2025-08-07 22:52:50.602068,production_v1
02M303,"FACING HISTORY SCHOOL, THE",353.0,358.0,340.0,76,1051.0,2025-08-07 22:52:50.602068,production_v1
02M305,"URBAN ASSEMBLY ACADEMY OF GOVERNMENT AND LAW, THE",375.0,388.0,385.0,50,1148.0,2025-08-07 22:52:50.602068,production_v1
02M308,LOWER MANHATTAN ARTS ACADEMY,403.0,392.0,405.0,40,1200.0,2025-08-07 22:52:50.602068,production_v1
02M313,"JAMES BALDWIN SCHOOL, THE: A SCHOOL FOR EXPEDITIONARY LEARNING",408.0,390.0,390.0,69,1188.0,2025-08-07 22:52:50.602068,production_v1
02M316,"URBAN ASSEMBLY SCHOOL OF BUSINESS FOR YOUNG WOMEN, THE",373.0,370.0,384.0,42,1127.0,2025-08-07 22:52:50.602068,production_v1
02M374,GRAMERCY ARTS HIGH SCHOOL,391.0,391.0,394.0,60,1176.0,2025-08-07 22:52:50.602068,production_v1
02M376,NYC ISCHOOL,473.0,483.0,479.0,92,1435.0,2025-08-07 22:52:50.602068,production_v1
02M394,EMMA LAZARUS HIGH SCHOOL,319.0,512.0,357.0,79,1188.0,2025-08-07 22:52:50.602068,production_v1
02M400,HIGH SCHOOL FOR ENVIRONMENTAL STUDIES,465.0,493.0,461.0,263,1419.0,2025-08-07 22:52:50.602068,production_v1
02M407,INSTITUTE FOR COLLABORATIVE EDUCATION,492.0,465.0,467.0,54,1424.0,2025-08-07 22:52:50.602068,production_v1
02M408,PROFESSIONAL PERFORMING ARTS HIGH SCHOOL,509.0,490.0,523.0,94,1522.0,2025-08-07 22:52:50.602068,production_v1
02M411,BARUCH COLLEGE CAMPUS HIGH SCHOOL,496.0,563.0,518.0,104,1577.0,2025-08-07 22:52:50.602068,production_v1
02M412,N.Y.C. LAB SCHOOL FOR COLLABORATIVE STUDIES,537.0,590.0,550.0,114,1677.0,2025-08-07 22:52:50.602068,production_v1
02M413,SCHOOL OF THE FUTURE HIGH SCHOOL,517.0,533.0,515.0,66,1565.0,2025-08-07 22:52:50.602068,production_v1
02M414,N.Y.C. MUSEUM SCHOOL,468.0,492.0,459.0,103,1419.0,2025-08-07 22:52:50.602068,production_v1
02M416,ELEANOR ROOSEVELT HIGH SCHOOL,572.0,594.0,592.0,127,1758.0,2025-08-07 22:52:50.602068,production_v1
02M418,MILLENNIUM HIGH SCHOOL,528.0,553.0,533.0,144,1614.0,2025-08-07 22:52:50.602068,production_v1
02M419,LANDMARK HIGH SCHOOL,390.0,399.0,381.0,62,1170.0,2025-08-07 22:52:50.602068,production_v1
02M420,HIGH SCHOOL FOR HEALTH PROFESSIONS AND HUMAN SERVICES,429.0,449.0,428.0,336,1306.0,2025-08-07 22:52:50.602068,production_v1
02M425,LEADERSHIP AND PUBLIC SERVICE HIGH SCHOOL,416.0,426.0,391.0,84,1233.0,2025-08-07 22:52:50.602068,production_v1
02M429,LEGACY SCHOOL FOR INTEGRATED STUDIES,356.0,357.0,349.0,29,1062.0,2025-08-07 22:52:50.602068,production_v1
02M439,MANHATTAN VILLAGE ACADEMY,441.0,473.0,458.0,95,1372.0,2025-08-07 22:52:50.602068,production_v1
02M440,BAYARD RUSTIN EDUCATIONAL COMPLEX,378.0,365.0,368.0,59,1111.0,2025-08-07 22:52:50.602068,production_v1
02M449,VANGUARD HIGH SCHOOL,395.0,416.0,388.0,72,1199.0,2025-08-07 22:52:50.602068,production_v1
02M459,MANHATTAN INTERNATIONAL HIGH SCHOOL,376.0,460.0,391.0,49,1227.0,2025-08-07 22:52:50.602068,production_v1
02M460,WASHINGTON IRVING HIGH SCHOOL,373.0,387.0,360.0,151,1120.0,2025-08-07 22:52:50.602068,production_v1
02M475,STUYVESANT HIGH SCHOOL,679.0,735.0,682.0,832,2096.0,2025-08-07 22:52:50.602068,production_v1
02M489,HIGH SCHOOL OF ECONOMICS AND FINANCE,443.0,489.0,442.0,167,1374.0,2025-08-07 22:52:50.602068,production_v1
02M500,UNITY CENTER FOR URBAN TECHNOLOGIES,370.0,349.0,351.0,25,1070.0,2025-08-07 22:52:50.602068,production_v1
02M519,TALENT UNLIMITED HIGH SCHOOL,469.0,472.0,475.0,81,1416.0,2025-08-07 22:52:50.602068,production_v1
02M520,MURRY BERGTRAUM HIGH SCHOOL FOR BUSINESS CAREERS,407.0,440.0,393.0,264,1240.0,2025-08-07 22:52:50.602068,production_v1
02M529,JACQUELINE KENNEDY ONASSIS HIGH SCHOOL,414.0,425.0,400.0,131,1239.0,2025-08-07 22:52:50.602068,production_v1
02M531,REPERTORY COMPANY HIGH SCHOOL FOR THEATRE ARTS,429.0,404.0,420.0,42,1253.0,2025-08-07 22:52:50.602068,production_v1
02M542,MANHATTAN BRIDGES HIGH SCHOOL,336.0,378.0,344.0,66,1058.0,2025-08-07 22:52:50.602068,production_v1
02M543,NEW DESIGN HIGH SCHOOL,391.0,395.0,382.0,73,1168.0,2025-08-07 22:52:50.602068,production_v1
02M544,INDEPENDENCE HIGH SCHOOL,389.0,371.0,335.0,14,1095.0,2025-08-07 22:52:50.602068,production_v1
02M545,HIGH SCHOOL FOR DUAL LANGUAGE AND ASIAN STUDIES,412.0,581.0,431.0,78,1424.0,2025-08-07 22:52:50.602068,production_v1
02M550,LIBERTY HIGH SCHOOL ACADEMY FOR NEWCOMERS,368.0,436.0,352.0,26,1156.0,2025-08-07 22:52:50.602068,production_v1
02M551,THE URBAN ASSEMBLY NEW YORK HARBOR SCHOOL,405.0,423.0,384.0,77,1212.0,2025-08-07 22:52:50.602068,production_v1
02M560,HIGH SCHOOL M560 s CITY AS SCHOOL,498.0,440.0,477.0,56,1415.0,2025-08-07 22:52:50.602068,production_v1
02M565,URBAN ACADEMY LABORATORY HIGH SCHOOL,527.0,508.0,512.0,30,1547.0,2025-08-07 22:52:50.602068,production_v1
02M570,SATELLITE ACADEMY HIGH SCHOOL,350.0,337.0,345.0,33,1032.0,2025-08-07 22:52:50.602068,production_v1
02M575,MANHATTAN COMPREHENSIVE NIGHT AND DAY HIGH SCHOOL,345.0,517.0,343.0,121,1205.0,2025-08-07 22:52:50.602068,production_v1
02M580,RICHARD R. GREEN HIGH SCHOOL OF TEACHING,408.0,384.0,403.0,84,1195.0,2025-08-07 22:52:50.602068,production_v1
02M586,HARVEY MILK HIGH SCHOOL,458.0,416.0,429.0,9,1303.0,2025-08-07 22:52:50.602068,production_v1
02M600,THE HIGH SCHOOL OF FASHION INDUSTRIES,423.0,423.0,411.0,335,1257.0,2025-08-07 22:52:50.602068,production_v1
02M605,HUMANITIES PREPARATORY ACADEMY,426.0,403.0,426.0,36,1255.0,2025-08-07 22:52:50.602068,production_v1
02M615,CHELSEA CAREER AND TECHNICAL EDUCATION HIGH SCHOOL,399.0,418.0,390.0,83,1207.0,2025-08-07 22:52:50.602068,production_v1
02M620,NORMAN THOMAS HIGH SCHOOL,370.0,379.0,359.0,154,1108.0,2025-08-07 22:52:50.602068,production_v1
02M625,HIGH SCHOOL OF GRAPHIC COMMUNICATION ARTS,395.0,382.0,376.0,191,1153.0,2025-08-07 22:52:50.602068,production_v1
02M630,ART AND DESIGN HIGH SCHOOL,444.0,441.0,430.0,270,1315.0,2025-08-07 22:52:50.602068,production_v1
02M655,LIFE SCIENCES SECONDARY SCHOOL,409.0,424.0,403.0,61,1236.0,2025-08-07 22:52:50.602068,production_v1
03M283,MANHATTAN THEATRE LAB HIGH SCHOOL,406.0,379.0,408.0,27,1193.0,2025-08-07 22:52:50.602068,production_v1
03M299,"HIGH SCHOOL FOR ARTS, IMAGINATION AND INQUIRY",374.0,384.0,374.0,49,1132.0,2025-08-07 22:52:50.602068,production_v1
03M307,"URBAN ASSEMBLY SCHOOL FOR MEDIA STUDIES, THE",384.0,390.0,370.0,41,1144.0,2025-08-07 22:52:50.602068,production_v1
03M404,INNOVATION DIPLOMA PLUS,416.0,403.0,381.0,12,1200.0,2025-08-07 22:52:50.602068,production_v1
03M470,LOUIS D. BRANDEIS HIGH SCHOOL,370.0,390.0,358.0,131,1118.0,2025-08-07 22:52:50.602068,production_v1
03M479,BEACON HIGH SCHOOL,577.0,575.0,592.0,261,1744.0,2025-08-07 22:52:50.602068,production_v1
03M485,FIORELLO H. LAGUARDIA HIGH SCHOOL OF MUSIC & ART AND PERFORMING ARTS,566.0,564.0,577.0,531,1707.0,2025-08-07 22:52:50.602068,production_v1
03M492,"HIGH SCHOOL FOR LAW, ADVOCACY AND COMMUNITY JUSTICE",396.0,398.0,402.0,66,1196.0,2025-08-07 22:52:50.602068,production_v1
03M494,HIGH SCHOOL OF ARTS AND TECHNOLOGY,433.0,433.0,411.0,75,1277.0,2025-08-07 22:52:50.602068,production_v1
03M505,EDWARD A. REYNOLDS WEST SIDE HIGH SCHOOL,401.0,369.0,351.0,35,1121.0,2025-08-07 22:52:50.602068,production_v1
03M541,MANHATTAN / HUNTER SCIENCE HIGH SCHOOL,473.0,506.0,467.0,111,1446.0,2025-08-07 22:52:50.602068,production_v1
03M860,FREDERICK DOUGLASS ACADEMY II SECONDARY SCHOOL,356.0,379.0,361.0,43,1096.0,2025-08-07 22:52:50.602068,production_v1
04M409,COALITION SCHOOL FOR SOCIAL CHANGE,354.0,357.0,373.0,48,1084.0,2025-08-07 22:52:50.602068,production_v1
04M435,MANHATTAN CENTER FOR SCIENCE AND MATHEMATICS,461.0,514.0,455.0,375,1430.0,2025-08-07 22:52:50.602068,production_v1
04M495,PARK EAST HIGH SCHOOL,373.0,379.0,376.0,51,1128.0,2025-08-07 22:52:50.602068,production_v1
04M555,CENTRAL PARK EAST HIGH SCHOOL,405.0,421.0,395.0,73,1221.0,2025-08-07 22:52:50.602068,production_v1
04M610,YOUNG WOMEN'S LEADERSHIP SCHOOL,432.0,446.0,448.0,70,1326.0,2025-08-07 22:52:50.602068,production_v1
04M635,ACADEMY OF ENVIRONMENTAL SCIENCE SECONDARY HIGH SCHOOL,369.0,369.0,357.0,48,1095.0,2025-08-07 22:52:50.602068,production_v1
04M680,"HERITAGE SCHOOL, THE",358.0,351.0,345.0,31,1054.0,2025-08-07 22:52:50.602068,production_v1
05M285,HARLEM RENAISSANCE HIGH SCHOOL,357.0,318.0,333.0,29,1008.0,2025-08-07 22:52:50.602068,production_v1
05M304,MOTT HALL HIGH SCHOOL,413.0,399.0,398.0,54,1210.0,2025-08-07 22:52:50.602068,production_v1
05M367,ACADEMY FOR SOCIAL ACTION: A COLLEGE BOARD SCHOOL,354.0,366.0,342.0,33,1062.0,2025-08-07 22:52:50.602068,production_v1
05M369,URBAN ASSEMBLY SCHOOL FOR THE PERFORMING ARTS,360.0,353.0,364.0,56,1077.0,2025-08-07 22:52:50.602068,production_v1
05M469,CHOIR ACADEMY OF HARLEM,354.0,360.0,385.0,20,1099.0,2025-08-07 22:52:50.602068,production_v1
05M499,FREDERICK DOUGLASS ACADEMY,458.0,474.0,442.0,214,1374.0,2025-08-07 22:52:50.602068,production_v1
05M670,THURGOOD MARSHALL ACADEMY FOR LEARNING AND SOCIAL CHANGE,396.0,402.0,404.0,66,1202.0,2025-08-07 22:52:50.602068,production_v1
05M685,BREAD & ROSES INTEGRATED ARTS HIGH SCHOOL,369.0,361.0,355.0,61,1085.0,2025-08-07 22:52:50.602068,production_v1
05M692,"HIGH SCHOOL FOR MATHEMATICS, SCIENCE AND ENGINEERING AT CITY COLLEGE",605.0,654.0,588.0,101,1847.0,2025-08-07 22:52:50.602068,production_v1
06M293,CITY COLLEGE ACADEMY OF THE ARTS,408.0,446.0,416.0,60,1270.0,2025-08-07 22:52:50.602068,production_v1
06M346,COMMUNITY HEALTH ACADEMY OF THE HEIGHTS,362.0,376.0,367.0,55,1105.0,2025-08-07 22:52:50.602068,production_v1
06M348,WASHINGTON HEIGHTS EXPEDITIONARY LEARNING SCHOOL,380.0,395.0,399.0,70,1174.0,2025-08-07 22:52:50.602068,production_v1
06M457,GEORGE WASHINGTON YABC,394.0,357.0,346.0,7,1097.0,2025-08-07 22:52:50.602068,production_v1
06M462,HIGH SCHOOL FOR INTERNATIONAL BUSINESS AND FINANCE,365.0,384.0,378.0,76,1127.0,2025-08-07 22:52:50.602068,production_v1
06M463,HIGH SCHOOL FOR MEDIA AND COMMUNICATIONS,369.0,380.0,349.0,63,1098.0,2025-08-07 22:52:50.602068,production_v1
06M467,HIGH SCHOOL FOR LAW AND PUBLIC SERVICE,363.0,378.0,361.0,94,1102.0,2025-08-07 22:52:50.602068,production_v1
06M468,HIGH SCHOOL FOR HEALTH CAREERS AND SCIENCES,400.0,422.0,402.0,24,1224.0,2025-08-07 22:52:50.602068,production_v1
06M540,A. PHILIP RANDOLPH CAMPUS HIGH SCHOOL,430.0,456.0,423.0,228,1309.0,2025-08-07 22:52:50.602068,production_v1
06M552,GREGORIO LUPERON HIGH SCHOOL FOR SCIENCE AND MATHEMATICS,339.0,349.0,326.0,56,1014.0,2025-08-07 22:52:50.602068,production_v1
07X221,SOUTH BRONX PREPARATORY: A COLLEGE BOARD SCHOOL,364.0,378.0,348.0,65,1090.0,2025-08-07 22:52:50.602068,production_v1
07X321,CROTONA ACADEMY HIGH SCHOOL,379.0,364.0,382.0,9,1125.0,2025-08-07 22:52:50.602068,production_v1
07X334,INTERNATIONAL COMMUNITY HIGH SCHOOL,310.0,324.0,311.0,34,945.0,2025-08-07 22:52:50.602068,production_v1
07X427,COMMUNITY SCHOOL FOR SOCIAL JUSTICE,361.0,359.0,357.0,43,1077.0,2025-08-07 22:52:50.602068,production_v1
07X473,MOTT HAVEN VILLAGE PREPARATORY HIGH SCHOOL,351.0,375.0,371.0,63,1097.0,2025-08-07 22:52:50.602068,production_v1
07X495,UNIVERSITY HEIGHTS SECONDARY SCHOOL,403.0,394.0,404.0,79,1201.0,2025-08-07 22:52:50.602068,production_v1
07X500,HOSTOSsLINCOLN ACADEMY OF SCIENCE,420.0,426.0,411.0,66,1257.0,2025-08-07 22:52:50.602068,production_v1
07X520,FOREIGN LANGUAGE ACADEMY OF GLOBAL STUDIES,399.0,396.0,391.0,64,1186.0,2025-08-07 22:52:50.602068,production_v1
07X527,BRONX LEADERSHIP ACADEMY II HIGH SCHOOL,362.0,378.0,363.0,62,1103.0,2025-08-07 22:52:50.602068,production_v1
07X547,NEW EXPLORERS HIGH SCHOOL,367.0,356.0,361.0,28,1084.0,2025-08-07 22:52:50.602068,production_v1
07X548,URBAN ASSEMBLY SCHOOL FOR CAREERS IN SPORTS,387.0,411.0,383.0,44,1181.0,2025-08-07 22:52:50.602068,production_v1
07X551,BRONX ACADEMY OF LETTERS,413.0,381.0,407.0,51,1201.0,2025-08-07 22:52:50.602068,production_v1
07X600,ALFRED E. SMITH CAREER AND TECHNICAL EDUCATION HIGH SCHOOL,394.0,400.0,364.0,76,1158.0,2025-08-07 22:52:50.602068,production_v1
07X655,SAMUEL GOMPERS CAREER AND TECHNICAL EDUCATION HIGH SCHOOL,398.0,416.0,370.0,47,1184.0,2025-08-07 22:52:50.602068,production_v1
07X670,HEALTH OPPORTUNITIES HIGH SCHOOL,363.0,368.0,364.0,114,1095.0,2025-08-07 22:52:50.602068,production_v1
08X282,WOMEN'S ACADEMY OF EXCELLENCE,407.0,386.0,378.0,44,1171.0,2025-08-07 22:52:50.602068,production_v1
08X293,RENAISSANCE HIGH SCHOOL FOR MUSICAL THEATER & TECHNOLOGY,384.0,385.0,389.0,52,1158.0,2025-08-07 22:52:50.602068,production_v1
08X295,GATEWAY SCHOOL FOR ENVIRONMENTAL RESEARCH AND TECHNOLOGY,416.0,390.0,394.0,41,1200.0,2025-08-07 22:52:50.602068,production_v1
08X305,PABLO NERUDA ACADEMY FOR ARCHITECTURE AND WORLD STUDIES,337.0,361.0,340.0,67,1038.0,2025-08-07 22:52:50.602068,production_v1
08X312,MILLENNIUM ART ACADEMY,387.0,402.0,375.0,67,1164.0,2025-08-07 22:52:50.602068,production_v1
08X332,HOLCOMBE L. RUCKER SCHOOL OF COMMUNITY RESEARCH,363.0,371.0,350.0,39,1084.0,2025-08-07 22:52:50.602068,production_v1
08X377,BRONX COMMUNITY HIGH SCHOOL,367.0,369.0,376.0,9,1112.0,2025-08-07 22:52:50.602068,production_v1
08X405,HERBERT H. LEHMAN HIGH SCHOOL,412.0,436.0,393.0,415,1241.0,2025-08-07 22:52:50.602068,production_v1
08X408,HERBERT H. LEHMAN YABC,402.0,373.0,413.0,6,1188.0,2025-08-07 22:52:50.602068,production_v1
08X452,BRONX GUILD,369.0,371.0,365.0,39,1105.0,2025-08-07 22:52:50.602068,production_v1
08X519,"FELISA RINCON DE GAUTIER INSTITUTE FOR LAW AND PUBLIC POLICY, THE",373.0,370.0,356.0,68,1099.0,2025-08-07 22:52:50.602068,production_v1
08X530,BANANA KELLY HIGH SCHOOL,373.0,381.0,377.0,54,1131.0,2025-08-07 22:52:50.602068,production_v1
08X540,SCHOOL FOR COMMUNITY RESEARCH AND LEARNING,366.0,400.0,368.0,16,1134.0,2025-08-07 22:52:50.602068,production_v1
08X560,HIGH SCHOOL X560 s BRONX ACADEMY HIGH SCHOOL,404.0,368.0,399.0,9,1171.0,2025-08-07 22:52:50.602068,production_v1
08X650,JANE ADDAMS HIGH SCHOOL FOR ACADEMIC CAREERS,377.0,359.0,376.0,78,1112.0,2025-08-07 22:52:50.602068,production_v1
09X227,BRONX EXPEDITIONARY LEARNING HIGH SCHOOL,324.0,376.0,349.0,39,1049.0,2025-08-07 22:52:50.602068,production_v1
09X231,EAGLE ACADEMY FOR YOUNG MEN,373.0,387.0,374.0,78,1134.0,2025-08-07 22:52:50.602068,production_v1
09X239,"URBAN ASSEMBLY ACADEMY FOR HISTORY AND CITIZENSHIP FOR YOUNG MEN, THE",372.0,355.0,357.0,33,1084.0,2025-08-07 22:52:50.602068,production_v1
09X241,"URBAN ASSEMBLY SCHOOL FOR APPLIED MATH AND SCIENCE, THE",411.0,464.0,415.0,80,1290.0,2025-08-07 22:52:50.602068,production_v1
09X250,EXIMIUS COLLEGE PREPARATORY ACADEMY: A COLLEGE BOARD SCHOOL,393.0,394.0,382.0,50,1169.0,2025-08-07 22:52:50.602068,production_v1
09X252,MOTT HALL BRONX HIGH SCHOOL,369.0,367.0,356.0,67,1092.0,2025-08-07 22:52:50.602068,production_v1
09X260,BRONX CENTER FOR SCIENCE AND MATHEMATICS,459.0,480.0,457.0,81,1396.0,2025-08-07 22:52:50.602068,production_v1
09X263,VALIDUS PREPARATORY ACADEMY: AN EXPEDITIONARY LEARNING SCHOOL,356.0,363.0,356.0,74,1075.0,2025-08-07 22:52:50.602068,production_v1
09X276,LEADERSHIP INSTITUTE,361.0,353.0,367.0,30,1081.0,2025-08-07 22:52:50.602068,production_v1
09X297,MORRIS ACADEMY FOR COLLABORATIVE STUDIES,386.0,386.0,376.0,38,1148.0,2025-08-07 22:52:50.602068,production_v1
09X329,DREAMYARD PREPARATORY SCHOOL,382.0,365.0,391.0,51,1138.0,2025-08-07 22:52:50.602068,production_v1
09X365,ACADEMY FOR LANGUAGE AND TECHNOLOGY,315.0,339.0,297.0,54,951.0,2025-08-07 22:52:50.602068,production_v1
09X403,BRONX INTERNATIONAL HIGH SCHOOL,314.0,312.0,339.0,49,965.0,2025-08-07 22:52:50.602068,production_v1
09X404,SCHOOL FOR EXCELLENCE,363.0,360.0,351.0,32,1074.0,2025-08-07 22:52:50.602068,production_v1
09X412,BRONX HIGH SCHOOL OF BUSINESS,356.0,376.0,351.0,34,1083.0,2025-08-07 22:52:50.602068,production_v1
09X413,BRONX HIGH SCHOOL FOR MEDICAL SCIENCE,400.0,419.0,402.0,64,1221.0,2025-08-07 22:52:50.602068,production_v1
09X414,JONATHAN LEVIN HIGH SCHOOL FOR MEDIA AND COMMUNICATIONS,379.0,364.0,379.0,35,1122.0,2025-08-07 22:52:50.602068,production_v1
09X505,"BRONX SCHOOL FOR LAW, GOVERNMENT AND JUSTICE",404.0,418.0,402.0,80,1224.0,2025-08-07 22:52:50.602068,production_v1
09X517,FREDERICK DOUGLASS ACADEMY III SECONDARY SCHOOL,368.0,384.0,369.0,50,1121.0,2025-08-07 22:52:50.602068,production_v1
09X525,BRONX LEADERSHIP ACADEMY HIGH SCHOOL,384.0,394.0,388.0,114,1166.0,2025-08-07 22:52:50.602068,production_v1
09X543,HIGH SCHOOL FOR VIOLIN AND DANCE,353.0,315.0,371.0,27,1039.0,2025-08-07 22:52:50.602068,production_v1
10X141,RIVERDALE / KINGSBRIDGE ACADEMY (MIDDLE SCHOOL / HIGH SCHOOL 141),438.0,455.0,440.0,113,1333.0,2025-08-07 22:52:50.602068,production_v1
10X213,BRONX ENGINEERING AND TECHNOLOGY ACADEMY,373.0,412.0,365.0,86,1150.0,2025-08-07 22:52:50.602068,production_v1
10X237,"THE MARIE CURIE SCHOOL FOR MEDICINE, NURSING, AND HEALTH PROFESSIONS",382.0,393.0,382.0,79,1157.0,2025-08-07 22:52:50.602068,production_v1
10X243,WEST BRONX ACADEMY FOR THE FUTURE,382.0,406.0,370.0,26,1158.0,2025-08-07 22:52:50.602068,production_v1
10X268,KINGSBRIDGE INTERNATIONAL HIGH SCHOOL,304.0,356.0,302.0,52,962.0,2025-08-07 22:52:50.602068,production_v1
10X284,BRONX SCHOOL OF LAW AND FINANCE,402.0,395.0,385.0,54,1182.0,2025-08-07 22:52:50.602068,production_v1
10X342,INTERNATIONAL SCHOOL FOR LIBERAL ARTS,300.0,333.0,301.0,49,934.0,2025-08-07 22:52:50.602068,production_v1
10X368,INsTECH ACADEMY (M.S. / HIGH SCHOOL 368),390.0,408.0,383.0,111,1181.0,2025-08-07 22:52:50.602068,production_v1
10X374,KNOWLEDGE AND POWER PREPARATORY ACADEMY INTERNATIONAL HIGH SCHOOL (KAPPA),392.0,401.0,387.0,61,1180.0,2025-08-07 22:52:50.602068,production_v1
10X397,ENGLISH LANGUAGE LEARNERS AND INTERNATIONAL SUPPORT PREPARATORY ACADEMY (ELLIS),343.0,356.0,330.0,38,1029.0,2025-08-07 22:52:50.602068,production_v1
10X433,HIGH SCHOOL FOR TEACHING AND THE PROFESSIONS,370.0,371.0,365.0,57,1106.0,2025-08-07 22:52:50.602068,production_v1
10X434,BELMONT PREPARATORY HIGH SCHOOL,404.0,418.0,400.0,51,1222.0,2025-08-07 22:52:50.602068,production_v1
10X437,FORDHAM HIGH SCHOOL FOR THE ARTS,355.0,350.0,372.0,48,1077.0,2025-08-07 22:52:50.602068,production_v1
10X438,FORDHAM LEADERSHIP ACADEMY FOR BUSINESS AND TECHNOLOGY,367.0,385.0,367.0,63,1119.0,2025-08-07 22:52:50.602068,production_v1
10X439,BRONX HIGH SCHOOL FOR LAW AND COMMUNITY SERVICE,366.0,364.0,352.0,65,1082.0,2025-08-07 22:52:50.602068,production_v1
10X440,DEWITT CLINTON HIGH SCHOOL,419.0,426.0,410.0,443,1255.0,2025-08-07 22:52:50.602068,production_v1
10X442,"CELIA CRUZ BRONX HIGH SCHOOL OF MUSIC, THE",423.0,420.0,427.0,52,1270.0,2025-08-07 22:52:50.602068,production_v1
10X445,BRONX HIGH SCHOOL OF SCIENCE,632.0,688.0,649.0,731,1969.0,2025-08-07 22:52:50.602068,production_v1
10X475,JOHN F. KENNEDY HIGH SCHOOL,351.0,362.0,339.0,109,1052.0,2025-08-07 22:52:50.602068,production_v1
10X477,MARBLE HILL HIGH SCHOOL FOR INTERNATIONAL STUDIES,414.0,435.0,414.0,99,1263.0,2025-08-07 22:52:50.602068,production_v1
10X546,BRONX THEATRE HIGH SCHOOL,348.0,362.0,354.0,68,1064.0,2025-08-07 22:52:50.602068,production_v1
10X549,DISCOVERY HIGH SCHOOL,372.0,379.0,364.0,55,1115.0,2025-08-07 22:52:50.602068,production_v1
10X660,GRACE DODGE CAREER AND TECHNICAL EDUCATION HIGH SCHOOL,362.0,382.0,356.0,73,1100.0,2025-08-07 22:52:50.602068,production_v1
10X667,GRACE DODGE YABC,350.0,356.0,317.0,10,1023.0,2025-08-07 22:52:50.602068,production_v1
10X696,HIGH SCHOOL OF AMERICAN STUDIES AT LEHMAN COLLEGE,636.0,648.0,636.0,92,1920.0,2025-08-07 22:52:50.602068,production_v1
11X249,BRONX HEALTH SCIENCES HIGH SCHOOL,370.0,381.0,382.0,74,1133.0,2025-08-07 22:52:50.602068,production_v1
11X253,BRONX HIGH SCHOOL FOR WRITING AND COMMUNICATION ARTS,400.0,357.0,390.0,46,1147.0,2025-08-07 22:52:50.602068,production_v1
11X265,BRONX LAB SCHOOL,377.0,391.0,367.0,81,1135.0,2025-08-07 22:52:50.602068,production_v1
11X270,ACADEMY FOR SCHOLARSHIP AND ENTREPRENEURSHIP: A COLLEGE BOARD SCHOOL,386.0,394.0,361.0,56,1141.0,2025-08-07 22:52:50.602068,production_v1
11X275,HIGH SCHOOL OF COMPUTERS AND TECHNOLOGY,381.0,376.0,354.0,72,1111.0,2025-08-07 22:52:50.602068,production_v1
11X288,COLLEGIATE INSTITUTE FOR MATH AND SCIENCE,444.0,471.0,433.0,97,1348.0,2025-08-07 22:52:50.602068,production_v1
11X290,BRONX ACADEMY OF HEALTH CAREERS,387.0,365.0,383.0,69,1135.0,2025-08-07 22:52:50.602068,production_v1
11X299,ASTOR COLLEGIATE ACADEMY,387.0,391.0,391.0,60,1169.0,2025-08-07 22:52:50.602068,production_v1
11X415,CHRISTOPHER COLUMBUS HIGH SCHOOL,367.0,361.0,353.0,121,1081.0,2025-08-07 22:52:50.602068,production_v1
11X418,BRONX HIGH SCHOOL FOR THE VISUAL ARTS,419.0,433.0,416.0,48,1268.0,2025-08-07 22:52:50.602068,production_v1
11X455,HARRY S TRUMAN HIGH SCHOOL,386.0,397.0,368.0,189,1151.0,2025-08-07 22:52:50.602068,production_v1
11X513,NEW WORLD HIGH SCHOOL,332.0,381.0,335.0,72,1048.0,2025-08-07 22:52:50.602068,production_v1
11X514,THE BRONXWOOD PREPARATORY ACADEMY,377.0,372.0,363.0,48,1112.0,2025-08-07 22:52:50.602068,production_v1
11X541,GLOBAL ENTERPRISE HIGH SCHOOL,372.0,382.0,375.0,57,1129.0,2025-08-07 22:52:50.602068,production_v1
11X542,PELHAM PREPARATORY ACADEMY,431.0,438.0,419.0,76,1288.0,2025-08-07 22:52:50.602068,production_v1
11X544,HIGH SCHOOL FOR CONTEMPORARY ARTS,383.0,378.0,365.0,55,1126.0,2025-08-07 22:52:50.602068,production_v1
11X545,BRONX AEROSPACE HIGH SCHOOL,388.0,393.0,382.0,46,1163.0,2025-08-07 22:52:50.602068,production_v1
12X245,NEW DAY ACADEMY,348.0,344.0,354.0,25,1046.0,2025-08-07 22:52:50.602068,production_v1
12X248,"METROPOLITAN HIGH SCHOOL, THE",347.0,367.0,341.0,49,1055.0,2025-08-07 22:52:50.602068,production_v1
12X251,EXPLORATIONS ACADEMY,381.0,381.0,360.0,57,1122.0,2025-08-07 22:52:50.602068,production_v1
12X262,PERFORMANCE CONSERVATORY HIGH SCHOOL,361.0,353.0,360.0,30,1074.0,2025-08-07 22:52:50.602068,production_v1
12X267,BRONX LATIN,408.0,432.0,411.0,36,1251.0,2025-08-07 22:52:50.602068,production_v1
12X271,EAST BRONX ACADEMY FOR THE FUTURE,366.0,378.0,358.0,46,1102.0,2025-08-07 22:52:50.602068,production_v1
12X278,PEACE AND DIVERSITY ACADEMY,390.0,401.0,364.0,34,1155.0,2025-08-07 22:52:50.602068,production_v1
12X388,PAN AMERICAN INTERNATIONAL HIGH SCHOOL AT MONROE,321.0,351.0,298.0,30,970.0,2025-08-07 22:52:50.602068,production_v1
12X446,ARTURO A. SCHOMBURG SATELLITE ACADEMY BRONX,380.0,372.0,349.0,14,1101.0,2025-08-07 22:52:50.602068,production_v1
12X480,BRONX REGIONAL HIGH SCHOOL,398.0,385.0,398.0,16,1181.0,2025-08-07 22:52:50.602068,production_v1
12X550,HIGH SCHOOL OF WORLD CULTURES,304.0,323.0,312.0,42,939.0,2025-08-07 22:52:50.602068,production_v1
12X682,FANNIE LOU HAMER FREEDOM HIGH SCHOOL,342.0,346.0,341.0,72,1029.0,2025-08-07 22:52:50.602068,production_v1
12X684,WINGS ACADEMY,378.0,374.0,362.0,66,1114.0,2025-08-07 22:52:50.602068,production_v1
12X690,MONROE ACADEMY FOR BUSINESS/LAW,375.0,387.0,376.0,31,1138.0,2025-08-07 22:52:50.602068,production_v1
12X692,MONROE ACADEMY FOR VISUAL ARTS & DESIGN,332.0,357.0,349.0,43,1038.0,2025-08-07 22:52:50.602068,production_v1
13K265,DR. SUSAN S. MCKINNEY SECONDARY SCHOOL OF THE ARTS,352.0,349.0,373.0,29,1074.0,2025-08-07 22:52:50.602068,production_v1
13K336,ACADEMY OF BUSINESS AND COMMUNITY DEVELOPMENT,439.0,374.0,418.0,9,1231.0,2025-08-07 22:52:50.602068,production_v1
13K350,URBAN ASSEMBLY HIGH SCHOOL OF MUSIC AND ART,360.0,364.0,356.0,52,1080.0,2025-08-07 22:52:50.602068,production_v1
13K412,"BROOKLYN COMMUNITY HIGH SCHOOL OF COMMUNICATION, ARTS AND MEDIA",375.0,355.0,384.0,37,1114.0,2025-08-07 22:52:50.602068,production_v1
13K419,"SCIENCE SKILLS CENTER HIGH SCHOOL FOR SCIENCE, TECHNOLOGY AND THE CREATIVE ARTS",399.0,417.0,395.0,92,1211.0,2025-08-07 22:52:50.602068,production_v1
13K430,BROOKLYN TECHNICAL HIGH SCHOOL,587.0,659.0,587.0,1277,1833.0,2025-08-07 22:52:50.602068,production_v1
13K439,BROOKLYN INTERNATIONAL HIGH SCHOOL,305.0,364.0,312.0,90,981.0,2025-08-07 22:52:50.602068,production_v1
13K483,THE URBAN ASSEMBLY SCHOOL FOR LAW AND JUSTICE,400.0,417.0,389.0,105,1206.0,2025-08-07 22:52:50.602068,production_v1
13K499,ACORN COMMUNITY HIGH SCHOOL,384.0,364.0,368.0,72,1116.0,2025-08-07 22:52:50.602068,production_v1
13K509,FREEDOM ACADEMY HIGH SCHOOL,400.0,390.0,403.0,29,1193.0,2025-08-07 22:52:50.602068,production_v1
13K553,BROOKLYN ACADEMY HIGH SCHOOL,435.0,383.0,379.0,8,1197.0,2025-08-07 22:52:50.602068,production_v1
13K575,BEDFORD STUYVESANT PREPARATORY HIGH SCHOOL,398.0,391.0,394.0,13,1183.0,2025-08-07 22:52:50.602068,production_v1
13K595,BEDFORD ACADEMY HIGH SCHOOL,438.0,443.0,431.0,89,1312.0,2025-08-07 22:52:50.602068,production_v1
13K605,GEORGE WESTINGHOUSE CAREER AND TECHNICAL EDUCATION HIGH SCHOOL,406.0,391.0,392.0,85,1189.0,2025-08-07 22:52:50.602068,production_v1
13K670,BENJAMIN BANNEKER ACADEMY,471.0,472.0,448.0,185,1391.0,2025-08-07 22:52:50.602068,production_v1
13K674,"CITY POLYTECHNIC HIGH SCHOOL OF ENGINEERING, ARCHITECTURE, AND TECHNOLOGY",441.0,499.0,413.0,20,1353.0,2025-08-07 22:52:50.602068,production_v1
14K071,JUAN MOREL CAMPOS SECONDARY SCHOOL,365.0,361.0,359.0,102,1085.0,2025-08-07 22:52:50.602068,production_v1
14K404,ACADEMY FOR YOUNG WRITERS,387.0,357.0,381.0,68,1125.0,2025-08-07 22:52:50.602068,production_v1
14K449,"BROOKLYN LATIN SCHOOL, THE",586.0,584.0,570.0,72,1740.0,2025-08-07 22:52:50.602068,production_v1
14K454,GREEN SCHOOL: AN ACADEMY FOR ENVIRONMENTAL CAREERS,407.0,386.0,396.0,41,1189.0,2025-08-07 22:52:50.602068,production_v1
14K474,PROGRESS HIGH SCHOOL FOR PROFESSIONAL CAREERS,364.0,379.0,371.0,144,1114.0,2025-08-07 22:52:50.602068,production_v1
14K477,SCHOOL FOR LEGAL STUDIES,413.0,396.0,395.0,134,1204.0,2025-08-07 22:52:50.602068,production_v1
14K478,"THE HIGH SCHOOL FOR ENTERPRISE, BUSINESS AND TECHNOLOGY",398.0,421.0,396.0,142,1215.0,2025-08-07 22:52:50.602068,production_v1
14K488,BROOKLYN PREPARATORY HIGH SCHOOL,367.0,373.0,350.0,42,1090.0,2025-08-07 22:52:50.602068,production_v1
14K558,WILLIAMSBURG HIGH SCHOOL FOR ARCHITECTURE AND DESIGN,363.0,385.0,364.0,72,1112.0,2025-08-07 22:52:50.602068,production_v1
14K561,WILLIAMSBURG PREPARATORY SCHOOL,397.0,410.0,380.0,113,1187.0,2025-08-07 22:52:50.602068,production_v1
14K586,LYONS COMMUNITY SCHOOL,371.0,377.0,355.0,31,1103.0,2025-08-07 22:52:50.602068,production_v1
14K610,AUTOMOTIVE HIGH SCHOOL,367.0,376.0,350.0,94,1093.0,2025-08-07 22:52:50.602068,production_v1
14K632,FRANCES PERKINS ACADEMY,382.0,372.0,368.0,12,1122.0,2025-08-07 22:52:50.602068,production_v1
14K685,EL PUENTE ACADEMY FOR PEACE AND JUSTICE,359.0,335.0,341.0,28,1035.0,2025-08-07 22:52:50.602068,production_v1
15K429,BROOKLYN SCHOOL FOR GLOBAL STUDIES,361.0,367.0,383.0,52,1111.0,2025-08-07 22:52:50.602068,production_v1
15K448,BROOKLYN SECONDARY SCHOOL FOR COLLABORATIVE STUDIES,393.0,399.0,387.0,76,1179.0,2025-08-07 22:52:50.602068,production_v1
15K462,SECONDARY SCHOOL FOR LAW,398.0,411.0,394.0,59,1203.0,2025-08-07 22:52:50.602068,production_v1
15K463,SECONDARY SCHOOL FOR JOURNALISM,397.0,391.0,381.0,58,1169.0,2025-08-07 22:52:50.602068,production_v1
15K464,PARK SLOPE COLLEGIATE,379.0,416.0,380.0,72,1175.0,2025-08-07 22:52:50.602068,production_v1
15K497,SCHOOL FOR INTERNATIONAL STUDIES,405.0,415.0,392.0,64,1212.0,2025-08-07 22:52:50.602068,production_v1
15K519,COBBLE HILL SCHOOL OF AMERICAN STUDIES,398.0,402.0,385.0,77,1185.0,2025-08-07 22:52:50.602068,production_v1
15K520,PACIFIC HIGH SCHOOL,352.0,341.0,300.0,9,993.0,2025-08-07 22:52:50.602068,production_v1
15K530,METROPOLITAN CORPORATE ACADEMY HIGH SCHOOL,368.0,365.0,368.0,28,1101.0,2025-08-07 22:52:50.602068,production_v1
15K698,SOUTH BROOKLYN COMMUNITY HIGH SCHOOL,430.0,416.0,425.0,8,1271.0,2025-08-07 22:52:50.602068,production_v1
16K393,FREDERICK DOUGLASS ACADEMY IV SECONDARY SCHOOL,355.0,355.0,358.0,20,1068.0,2025-08-07 22:52:50.602068,production_v1
16K455,BOYS AND GIRLS HIGH SCHOOL,365.0,370.0,362.0,131,1097.0,2025-08-07 22:52:50.602068,production_v1
16K498,BROOKLYN HIGH SCHOOL FOR LAW AND TECHNOLOGY,362.0,372.0,358.0,46,1092.0,2025-08-07 22:52:50.602068,production_v1
16K594,GOTHAM PROFESSIONAL ARTS ACADEMY,370.0,372.0,351.0,36,1093.0,2025-08-07 22:52:50.602068,production_v1
17K382,ACADEMY FOR COLLEGE PREPARATION AND CAREER EXPLORATION: A COLLEGE BOARD SCHOOL,396.0,374.0,369.0,59,1139.0,2025-08-07 22:52:50.602068,production_v1
17K408,ACADEMY OF HOSPITALITY AND TOURISM,352.0,342.0,351.0,57,1045.0,2025-08-07 22:52:50.602068,production_v1
17K489,W.E.B. DUBOIS ACADEMIC HIGH SCHOOL,394.0,364.0,334.0,7,1092.0,2025-08-07 22:52:50.602068,production_v1
17K524,INTERNATIONAL HIGH SCHOOL AT PROSPECT HEIGHTS,287.0,335.0,291.0,71,913.0,2025-08-07 22:52:50.602068,production_v1
17K528,THE HIGH SCHOOL FOR GLOBAL CITIZENSHIP,403.0,385.0,388.0,46,1176.0,2025-08-07 22:52:50.602068,production_v1
17K531,"SCHOOL FOR HUMAN RIGHTS, THE",348.0,381.0,359.0,35,1088.0,2025-08-07 22:52:50.602068,production_v1
17K533,SCHOOL FOR DEMOCRACY AND LEADERSHIP,377.0,404.0,372.0,38,1153.0,2025-08-07 22:52:50.602068,production_v1
17K537,HIGH SCHOOL FOR YOUTH AND COMMUNITY DEVELOPMENT AT ERASMUS,338.0,349.0,340.0,73,1027.0,2025-08-07 22:52:50.602068,production_v1
17K539,HIGH SCHOOL FOR SERVICE & LEARNING AT ERASMUS,362.0,375.0,368.0,61,1105.0,2025-08-07 22:52:50.602068,production_v1
17K543,"SCIENCE, TECHNOLOGY AND RESEARCH EARLY COLLEGE HIGH SCHOOL AT ERASMUS",457.0,462.0,441.0,69,1360.0,2025-08-07 22:52:50.602068,production_v1
17K544,INTERNATIONAL ARTS BUSINESS SCHOOL,386.0,391.0,369.0,54,1146.0,2025-08-07 22:52:50.602068,production_v1
17K546,HIGH SCHOOL FOR PUBLIC SERVICE: HEROES OF TOMORROW,418.0,441.0,414.0,79,1273.0,2025-08-07 22:52:50.602068,production_v1
17K547,BROOKLYN ACADEMY OF SCIENCE AND THE ENVIRONMENT,388.0,382.0,373.0,63,1143.0,2025-08-07 22:52:50.602068,production_v1
17K548,BROOKLYN SCHOOL FOR MUSIC & THEATRE,385.0,393.0,373.0,48,1151.0,2025-08-07 22:52:50.602068,production_v1
17K568,BROWNSVILLE ACADEMY HIGH SCHOOL,372.0,356.0,335.0,16,1063.0,2025-08-07 22:52:50.602068,production_v1
17K590,MEDGAR EVERS COLLEGE PREPARATORY SCHOOL,476.0,481.0,479.0,165,1436.0,2025-08-07 22:52:50.602068,production_v1
17K600,CLARA BARTON HIGH SCHOOL,425.0,413.0,413.0,259,1251.0,2025-08-07 22:52:50.602068,production_v1
17K625,PAUL ROBESON HIGH SCHOOL,365.0,363.0,355.0,53,1083.0,2025-08-07 22:52:50.602068,production_v1
18K563,IT TAKES A VILLAGE ACADEMY,313.0,320.0,330.0,56,963.0,2025-08-07 22:52:50.602068,production_v1
18K566,BROOKLYN GENERATION SCHOOL,374.0,377.0,394.0,29,1145.0,2025-08-07 22:52:50.602068,production_v1
18K567,BROOKLYN THEATRE ARTS HIGH SCHOOL,383.0,358.0,377.0,54,1118.0,2025-08-07 22:52:50.602068,production_v1
18K569,KURT HAHN EXPEDITIONARY LEARNING SCHOOL,368.0,378.0,346.0,43,1092.0,2025-08-07 22:52:50.602068,production_v1
18K576,VICTORY COLLEGIATE HIGH SCHOOL,387.0,377.0,379.0,63,1143.0,2025-08-07 22:52:50.602068,production_v1
18K578,BROOKLYN BRIDGE ACADEMY,384.0,362.0,351.0,17,1097.0,2025-08-07 22:52:50.602068,production_v1
18K589,ARTS & MEDIA PREPARATORY ACADEMY,361.0,360.0,359.0,48,1080.0,2025-08-07 22:52:50.602068,production_v1
18K617,HIGH SCHOOL FOR INNOVATION IN ADVERTISING AND MEDIA,404.0,393.0,386.0,37,1183.0,2025-08-07 22:52:50.602068,production_v1
18K629,CULTURAL ACADEMY FOR THE ARTS AND SCIENCES,393.0,395.0,381.0,33,1169.0,2025-08-07 22:52:50.602068,production_v1
18K633,HIGH SCHOOL FOR MEDICAL PROFESSIONS,386.0,380.0,393.0,75,1159.0,2025-08-07 22:52:50.602068,production_v1
18K635,OLYMPUS ACADEMY,400.0,370.0,370.0,7,1140.0,2025-08-07 22:52:50.602068,production_v1
18K637,ACADEMY FOR CONSERVATION AND THE ENVIRONMENT,363.0,381.0,367.0,35,1111.0,2025-08-07 22:52:50.602068,production_v1
18K642,URBAN ACTION ACADEMY,376.0,385.0,374.0,40,1135.0,2025-08-07 22:52:50.602068,production_v1
18K673,EAST BROOKLYN COMMUNITY HIGH SCHOOL,410.0,403.0,378.0,12,1191.0,2025-08-07 22:52:50.602068,production_v1
19K409,EAST NEW YORK FAMILY ACADEMY,416.0,432.0,394.0,54,1242.0,2025-08-07 22:52:50.602068,production_v1
19K502,FDNY HIGH SCHOOL FOR FIRE AND LIFE SAFETY,341.0,349.0,333.0,37,1023.0,2025-08-07 22:52:50.602068,production_v1
19K504,HIGH SCHOOL FOR CIVIL RIGHTS,363.0,349.0,342.0,47,1054.0,2025-08-07 22:52:50.602068,production_v1
19K507,PERFORMING ARTS AND TECHNOLOGY HIGH SCHOOL,380.0,386.0,383.0,61,1149.0,2025-08-07 22:52:50.602068,production_v1
19K510,WORLD ACADEMY FOR TOTAL COMMUNITY HEALTH HIGH SCHOOL,371.0,365.0,370.0,68,1106.0,2025-08-07 22:52:50.602068,production_v1
19K583,MULTICULTURAL HIGH SCHOOL,279.0,322.0,286.0,29,887.0,2025-08-07 22:52:50.602068,production_v1
19K615,TRANSIT TECH CAREER AND TECHNICAL EDUCATION HIGH SCHOOL,395.0,418.0,380.0,182,1193.0,2025-08-07 22:52:50.602068,production_v1
19K618,ACADEMY OF INNOVATIVE TECHNOLOGY,371.0,371.0,354.0,60,1096.0,2025-08-07 22:52:50.602068,production_v1
19K639,BROOKLYN LAB SCHOOL,360.0,385.0,363.0,57,1108.0,2025-08-07 22:52:50.602068,production_v1
19K659,CYPRESS HILLS COLLEGIATE PREPARATORY SCHOOL,376.0,385.0,368.0,51,1129.0,2025-08-07 22:52:50.602068,production_v1
19K660,W. H. MAXWELL CAREER AND TECHNICAL EDUCATION HIGH SCHOOL,370.0,369.0,363.0,74,1102.0,2025-08-07 22:52:50.602068,production_v1
19K683,"THE SCHOOL FOR CLASSICS: AN ACADEMY OF THINKERS, WRITERS AND PERFORMERS",383.0,400.0,374.0,38,1157.0,2025-08-07 22:52:50.602068,production_v1
20K445,NEW UTRECHT HIGH SCHOOL,402.0,471.0,399.0,456,1272.0,2025-08-07 22:52:50.602068,production_v1
20K485,HIGH SCHOOL OF TELECOMMUNICATION ARTS AND TECHNOLOGY,425.0,474.0,424.0,238,1323.0,2025-08-07 22:52:50.602068,production_v1
20K490,FORT HAMILTON HIGH SCHOOL,417.0,478.0,411.0,694,1306.0,2025-08-07 22:52:50.602068,production_v1
20K505,FRANKLIN DELANO ROOSEVELT HIGH SCHOOL,383.0,486.0,375.0,385,1244.0,2025-08-07 22:52:50.602068,production_v1
20K658,FRANKLIN DELANO ROOSEVELT YABC,338.0,477.0,316.0,18,1131.0,2025-08-07 22:52:50.602068,production_v1
21K337,INTERNATIONAL HIGH SCHOOL AT LAFAYETTE,326.0,386.0,314.0,54,1026.0,2025-08-07 22:52:50.602068,production_v1
21K344,RACHEL CARSON HIGH SCHOOL FOR COASTAL STUDIES,402.0,427.0,408.0,54,1237.0,2025-08-07 22:52:50.602068,production_v1
21K348,HIGH SCHOOL OF SPORTS MANAGEMENT,388.0,398.0,378.0,39,1164.0,2025-08-07 22:52:50.602068,production_v1
21K410,ABRAHAM LINCOLN HIGH SCHOOL,396.0,437.0,393.0,475,1226.0,2025-08-07 22:52:50.602068,production_v1
21K525,EDWARD R. MURROW HIGH SCHOOL,468.0,496.0,467.0,727,1431.0,2025-08-07 22:52:50.602068,production_v1
21K540,JOHN DEWEY HIGH SCHOOL,404.0,468.0,390.0,448,1262.0,2025-08-07 22:52:50.602068,production_v1
21K559,LIFE ACADEMY HIGH SCHOOL FOR FILM AND MUSIC,384.0,375.0,365.0,40,1124.0,2025-08-07 22:52:50.602068,production_v1
21K572,EXPEDITIONARY LEARNING SCHOOL FOR COMMUNITY LEADERS,353.0,370.0,356.0,40,1079.0,2025-08-07 22:52:50.602068,production_v1
21K620,WILLIAM E. GRADY CAREER AND TECHNICAL EDUCATION HIGH SCHOOL,394.0,414.0,376.0,95,1184.0,2025-08-07 22:52:50.602068,production_v1
21K690,BROOKLYN STUDIO SECONDARY SCHOOL,429.0,449.0,435.0,119,1313.0,2025-08-07 22:52:50.602068,production_v1
21K728,LIBERATION DIPLOMA PLUS,411.0,369.0,373.0,10,1153.0,2025-08-07 22:52:50.602068,production_v1
22K405,MIDWOOD HIGH SCHOOL,478.0,519.0,476.0,824,1473.0,2025-08-07 22:52:50.602068,production_v1
22K425,JAMES MADISON HIGH SCHOOL,436.0,475.0,439.0,518,1350.0,2025-08-07 22:52:50.602068,production_v1
22K495,SHEEPSHEAD BAY HIGH SCHOOL,383.0,392.0,370.0,236,1145.0,2025-08-07 22:52:50.602068,production_v1
22K535,LEON M. GOLDSTEIN HIGH SCHOOL FOR THE SCIENCES,524.0,561.0,542.0,259,1627.0,2025-08-07 22:52:50.602068,production_v1
22K555,BROOKLYN COLLEGE ACADEMY,456.0,456.0,440.0,131,1352.0,2025-08-07 22:52:50.602068,production_v1
23K493,BROOKLYN COLLEGIATE: A COLLEGE BOARD SCHOOL,389.0,409.0,387.0,60,1185.0,2025-08-07 22:52:50.602068,production_v1
23K514,FREDERICK DOUGLASS ACADEMY VII HIGH SCHOOL,361.0,371.0,359.0,55,1091.0,2025-08-07 22:52:50.602068,production_v1
23K643,BROOKLYN DEMOCRACY ACADEMY,349.0,338.0,331.0,11,1018.0,2025-08-07 22:52:50.602068,production_v1
23K646,ASPIRATIONS DIPLOMA PLUS HIGH SCHOOL,311.0,371.0,311.0,7,993.0,2025-08-07 22:52:50.602068,production_v1
23K647,METROPOLITAN DIPLOMA PLUS HIGH SCHOOL,350.0,346.0,332.0,17,1028.0,2025-08-07 22:52:50.602068,production_v1
23K697,TEACHERS PREPARATORY HIGH SCHOOL,392.0,416.0,388.0,69,1196.0,2025-08-07 22:52:50.602068,production_v1
24Q264,ACADEMY OF FINANCE AND ENTERPRISE,405.0,454.0,421.0,89,1280.0,2025-08-07 22:52:50.602068,production_v1
24Q267,HIGH SCHOOL OF APPLIED COMMUNICATION,406.0,413.0,400.0,39,1219.0,2025-08-07 22:52:50.602068,production_v1
24Q293,CIVIC LEADERSHIP ACADEMY,404.0,429.0,407.0,69,1240.0,2025-08-07 22:52:50.602068,production_v1
24Q296,PAN AMERICAN INTERNATIONAL HIGH SCHOOL,317.0,323.0,311.0,55,951.0,2025-08-07 22:52:50.602068,production_v1
24Q299,BARD HIGH SCHOOL EARLY COLLEGE II,545.0,568.0,550.0,155,1663.0,2025-08-07 22:52:50.602068,production_v1
24Q455,NEWTOWN HIGH SCHOOL,383.0,440.0,380.0,320,1203.0,2025-08-07 22:52:50.602068,production_v1
24Q485,GROVER CLEVELAND HIGH SCHOOL,395.0,420.0,396.0,241,1211.0,2025-08-07 22:52:50.602068,production_v1
24Q520,MIDDLE COLLEGE HIGH SCHOOL AT LAGUARDIA COMMUNITY COLLEGE,399.0,393.0,385.0,58,1177.0,2025-08-07 22:52:50.602068,production_v1
24Q530,INTERNATIONAL HIGH SCHOOL AT LAGUARDIA COMMUNITY COLLEGE,326.0,409.0,329.0,69,1064.0,2025-08-07 22:52:50.602068,production_v1
24Q550,HIGH SCHOOL FOR ARTS AND BUSINESS,391.0,403.0,380.0,138,1174.0,2025-08-07 22:52:50.602068,production_v1
24Q560,"ROBERT F. WAGNER, JR. SECONDARY SCHOOL FOR ARTS AND TECHNOLOGY",443.0,447.0,440.0,80,1330.0,2025-08-07 22:52:50.602068,production_v1
24Q600,QUEENS VOCATIONAL AND TECHNICAL HIGH SCHOOL,417.0,447.0,406.0,155,1270.0,2025-08-07 22:52:50.602068,production_v1
24Q610,AVIATION CAREER & TECHNICAL EDUCATION HIGH SCHOOL,445.0,496.0,423.0,396,1364.0,2025-08-07 22:52:50.602068,production_v1
25Q252,"QUEENS SCHOOL OF INQUIRY, THE",455.0,498.0,443.0,58,1396.0,2025-08-07 22:52:50.602068,production_v1
25Q263,FLUSHING INTERNATIONAL HIGH SCHOOL,314.0,417.0,318.0,45,1049.0,2025-08-07 22:52:50.602068,production_v1
25Q281,EASTsWEST SCHOOL OF INTERNATIONAL STUDIES,416.0,463.0,392.0,59,1271.0,2025-08-07 22:52:50.602068,production_v1
25Q285,WORLD JOURNALISM PREPARATORY: A COLLEGE BOARD SCHOOL,471.0,489.0,481.0,63,1441.0,2025-08-07 22:52:50.602068,production_v1
25Q425,JOHN BOWNE HIGH SCHOOL,397.0,451.0,395.0,558,1243.0,2025-08-07 22:52:50.602068,production_v1
25Q460,FLUSHING HIGH SCHOOL,393.0,441.0,382.0,347,1216.0,2025-08-07 22:52:50.602068,production_v1
25Q467,FLUSHING YABC,378.0,373.0,344.0,9,1095.0,2025-08-07 22:52:50.602068,production_v1
25Q525,TOWNSEND HARRIS HIGH SCHOOL,621.0,651.0,638.0,278,1910.0,2025-08-07 22:52:50.602068,production_v1
25Q540,QUEENS ACADEMY HIGH SCHOOL,398.0,382.0,388.0,17,1168.0,2025-08-07 22:52:50.602068,production_v1
25Q670,ROBERT F. KENNEDY COMMUNITY HIGH SCHOOL,431.0,458.0,441.0,99,1330.0,2025-08-07 22:52:50.602068,production_v1
25Q792,NORTH QUEENS COMMUNITY HIGH SCHOOL,379.0,421.0,377.0,7,1177.0,2025-08-07 22:52:50.602068,production_v1
26Q415,BENJAMIN N. CARDOZO HIGH SCHOOL,480.0,545.0,489.0,888,1514.0,2025-08-07 22:52:50.602068,production_v1
26Q430,FRANCIS LEWIS HIGH SCHOOL,468.0,539.0,467.0,934,1474.0,2025-08-07 22:52:50.602068,production_v1
26Q435,MARTIN VAN BUREN HIGH SCHOOL,391.0,397.0,384.0,334,1172.0,2025-08-07 22:52:50.602068,production_v1
26Q495,BAYSIDE HIGH SCHOOL,462.0,523.0,464.0,708,1449.0,2025-08-07 22:52:50.602068,production_v1
26Q566,"QUEENS HIGH SCHOOL OF TEACHING, LIBERAL ARTS AND THE SCIENCES",425.0,434.0,420.0,175,1279.0,2025-08-07 22:52:50.602068,production_v1
27Q260,FREDERICK DOUGLASS ACADEMY VI HIGH SCHOOL,387.0,385.0,373.0,87,1145.0,2025-08-07 22:52:50.602068,production_v1
27Q262,CHANNEL VIEW SCHOOL FOR RESEARCH,432.0,419.0,401.0,74,1252.0,2025-08-07 22:52:50.602068,production_v1
27Q302,"QUEENS HIGH SCHOOL FOR INFORMATION, RESEARCH, AND TECHNOLOGY",391.0,401.0,364.0,44,1156.0,2025-08-07 22:52:50.602068,production_v1
27Q308,ROBERT H. GODDARD HIGH SCHOOL OF COMMUNICATION ARTS AND TECHNOLOGY,423.0,426.0,416.0,93,1265.0,2025-08-07 22:52:50.602068,production_v1
27Q309,ACADEMY OF MEDICAL TECHNOLOGY: A COLLEGE BOARD SCHOOL,367.0,379.0,348.0,36,1094.0,2025-08-07 22:52:50.602068,production_v1
27Q323,SCHOLARS' ACADEMY,499.0,537.0,496.0,89,1532.0,2025-08-07 22:52:50.602068,production_v1
27Q400,AUGUST MARTIN HIGH SCHOOL,377.0,371.0,360.0,101,1108.0,2025-08-07 22:52:50.602068,production_v1
27Q410,BEACH CHANNEL HIGH SCHOOL,384.0,396.0,354.0,78,1134.0,2025-08-07 22:52:50.602068,production_v1
27Q475,RICHMOND HILL HIGH SCHOOL,382.0,404.0,368.0,404,1154.0,2025-08-07 22:52:50.602068,production_v1
27Q480,JOHN ADAMS HIGH SCHOOL,391.0,409.0,392.0,403,1192.0,2025-08-07 22:52:50.602068,production_v1
27Q650,"HIGH SCHOOL FOR CONSTRUCTION TRADES, ENGINEERING AND ARCHITECTURE",429.0,491.0,425.0,194,1345.0,2025-08-07 22:52:50.602068,production_v1
28Q310,QUEENS COLLEGIATE: A COLLEGE BOARD SCHOOL,420.0,445.0,400.0,68,1265.0,2025-08-07 22:52:50.602068,production_v1
28Q338,QUEENS SATELLITE HIGH SCHOOL FOR OPPORTUNITY,403.0,408.0,367.0,6,1178.0,2025-08-07 22:52:50.602068,production_v1
28Q350,JAMAICA GATEWAY TO THE SCIENCES,430.0,452.0,425.0,25,1307.0,2025-08-07 22:52:50.602068,production_v1
28Q440,FOREST HILLS HIGH SCHOOL,456.0,497.0,454.0,762,1407.0,2025-08-07 22:52:50.602068,production_v1
28Q505,HILLCREST HIGH SCHOOL,395.0,413.0,386.0,462,1194.0,2025-08-07 22:52:50.602068,production_v1
28Q620,THOMAS A. EDISON CAREER AND TECHNICAL EDUCATION HIGH SCHOOL,452.0,478.0,442.0,422,1372.0,2025-08-07 22:52:50.602068,production_v1
28Q680,QUEENS GATEWAY TO HEALTH SCIENCES SECONDARY SCHOOL,513.0,523.0,502.0,99,1538.0,2025-08-07 22:52:50.602068,production_v1
28Q687,QUEENS HIGH SCHOOL FOR THE SCIENCES AT YORK COLLEGE,612.0,660.0,596.0,121,1868.0,2025-08-07 22:52:50.602068,production_v1
28Q690,HIGH SCHOOL FOR LAW ENFORCEMENT AND PUBLIC SAFETY,406.0,406.0,384.0,74,1196.0,2025-08-07 22:52:50.602068,production_v1
28Q896,"YOUNG WOMEN'S LEADERSHIP SCHOOL, QUEENS",439.0,445.0,432.0,68,1316.0,2025-08-07 22:52:50.602068,production_v1
29Q248,QUEENS PREPARATORY ACADEMY,360.0,380.0,359.0,52,1099.0,2025-08-07 22:52:50.602068,production_v1
29Q259,PATHWAYS COLLEGE PREPARATORY SCHOOL: A COLLEGE BOARD SCHOOL,401.0,397.0,375.0,46,1173.0,2025-08-07 22:52:50.602068,production_v1
29Q265,EXCELSIOR PREPARATORY HIGH SCHOOL,402.0,398.0,402.0,49,1202.0,2025-08-07 22:52:50.602068,production_v1
29Q272,GEORGE WASHINGTON CARVER HIGH SCHOOL FOR THE SCIENCES,436.0,427.0,424.0,59,1287.0,2025-08-07 22:52:50.602068,production_v1
29Q492,"MATHEMATICS, SCIENCE RESEARCH AND TECHNOLOGY MAGNET HIGH SCHOOL",400.0,426.0,394.0,78,1220.0,2025-08-07 22:52:50.602068,production_v1
29Q494,"LAW, GOVERNMENT AND COMMUNITY SERVICE HIGH SCHOOL",385.0,377.0,377.0,52,1139.0,2025-08-07 22:52:50.602068,production_v1
29Q496,"BUSINESS, COMPUTER APPLICATIONS & ENTREPRENEURSHIP HIGH SCHOOL",379.0,414.0,359.0,49,1152.0,2025-08-07 22:52:50.602068,production_v1
29Q498,HUMANITIES & ARTS MAGNET HIGH SCHOOL,393.0,381.0,377.0,62,1151.0,2025-08-07 22:52:50.602068,production_v1
30Q301,ACADEMY FOR CAREERS IN TELEVISION AND FILM,410.0,440.0,405.0,98,1255.0,2025-08-07 22:52:50.602068,production_v1
30Q445,WILLIAM CULLEN BRYANT HIGH SCHOOL,414.0,449.0,412.0,395,1275.0,2025-08-07 22:52:50.602068,production_v1
30Q450,LONG ISLAND CITY HIGH SCHOOL,403.0,420.0,395.0,392,1218.0,2025-08-07 22:52:50.602068,production_v1
30Q501,FRANK SINATRA SCHOOL OF THE ARTS HIGH SCHOOL,504.0,496.0,494.0,174,1494.0,2025-08-07 22:52:50.602068,production_v1
30Q502,INFORMATION TECHNOLOGY HIGH SCHOOL,407.0,434.0,398.0,148,1239.0,2025-08-07 22:52:50.602068,production_v1
30Q555,NEWCOMERS HIGH SCHOOL,323.0,475.0,329.0,143,1127.0,2025-08-07 22:52:50.602068,production_v1
30Q575,ACADEMY OF AMERICAN STUDIES,487.0,492.0,491.0,135,1470.0,2025-08-07 22:52:50.602068,production_v1
30Q580,BACCALAUREATE SCHOOL FOR GLOBAL EDUCATION,524.0,568.0,544.0,61,1636.0,2025-08-07 22:52:50.602068,production_v1
31R047,CSI HIGH SCHOOL FOR INTERNATIONAL STUDIES,452.0,451.0,450.0,137,1353.0,2025-08-07 22:52:50.602068,production_v1
31R064,GAYNOR MCCOWN EXPEDITIONARY LEARNING SCHOOL,398.0,412.0,385.0,61,1195.0,2025-08-07 22:52:50.602068,production_v1
31R080,THE MICHAEL J. PETRIDES SCHOOL,472.0,488.0,466.0,107,1426.0,2025-08-07 22:52:50.602068,production_v1
31R440,NEW DORP HIGH SCHOOL,424.0,437.0,416.0,391,1277.0,2025-08-07 22:52:50.602068,production_v1
31R445,PORT RICHMOND HIGH SCHOOL,424.0,438.0,417.0,271,1279.0,2025-08-07 22:52:50.602068,production_v1
31R450,CURTIS HIGH SCHOOL,437.0,435.0,429.0,375,1301.0,2025-08-07 22:52:50.602068,production_v1
31R455,TOTTENVILLE HIGH SCHOOL,462.0,486.0,470.0,807,1418.0,2025-08-07 22:52:50.602068,production_v1
31R460,SUSAN E. WAGNER HIGH SCHOOL,455.0,474.0,459.0,535,1388.0,2025-08-07 22:52:50.602068,production_v1
31R470,CONCORD HIGH SCHOOL,466.0,455.0,414.0,10,1335.0,2025-08-07 22:52:50.602068,production_v1
31R600,RALPH R. MCKEE CAREER AND TECHNICAL EDUCATION HIGH SCHOOL,416.0,422.0,397.0,94,1235.0,2025-08-07 22:52:50.602068,production_v1
31R605,STATEN ISLAND TECHNICAL HIGH SCHOOL,635.0,682.0,636.0,227,1953.0,2025-08-07 22:52:50.602068,production_v1
31R607,YOUNG ADULT BOROUGH CENTER AT STATEN IS TECH HS,405.0,375.0,370.0,10,1150.0,2025-08-07 22:52:50.602068,production_v1
32K403,ACADEMY FOR ENVIRONMENTAL LEADERSHIP,380.0,366.0,352.0,50,1098.0,2025-08-07 22:52:50.602068,production_v1
32K545,EBC HIGH SCHOOL FOR PUBLIC SERVICEâ€“BUSHWICK,384.0,409.0,361.0,88,1154.0,2025-08-07 22:52:50.602068,production_v1
32K549,BUSHWICK SCHOOL FOR SOCIAL JUSTICE,348.0,353.0,334.0,75,1035.0,2025-08-07 22:52:50.602068,production_v1
32K552,ACADEMY OF URBAN PLANNING,342.0,364.0,354.0,67,1060.0,2025-08-07 22:52:50.602068,production_v1
32K554,ALL CITY LEADERSHIP SECONDARY SCHOOL,428.0,465.0,422.0,39,1315.0,2025-08-07 22:52:50.602068,production_v1
32K556,BUSHWICK LEADERS HIGH SCHOOL FOR ACADEMIC EXCELLENCE,347.0,358.0,350.0,23,1055.0,2025-08-07 22:52:50.602068,production_v1
32K564,BUSHWICK COMMUNITY HIGH SCHOOL,359.0,317.0,358.0,24,1034.0,2025-08-07 22:52:50.602068,production_v1
75Q811,P.S. Q811,429.0,444.0,433.0,32,1306.0,2025-08-07 22:52:50.602068,production_v1
79Q950,GED PLUS s CITYWIDE,496.0,400.0,426.0,8,1322.0,2025-08-07 22:52:50.602068,production_v1
79X490,PHOENIX ACADEMY,367.0,370.0,360.0,9,1097.0,2025-08-07 22:52:50.602068,production_v1
